text,vader_score,textblob_score,roberta_score,bert_score,cnn_score,lstm_score,svm_score,hybrid_score,vader_sentiment,textblob_sentiment,roberta_sentiment,bert_sentiment,cnn_sentiment,lstm_sentiment,svm_sentiment,hybrid_sentiment
"This is one amazing phone. The specs on this phone kicks ass any day. The prices om phones these days are horrible but this one was definitely reasonable Pricing and with it, great specs.Edit: OnePlus releases some shitty updates recently to the os, couple things keep breaking. They also added some dumb features which make things harder to get to. This along with an issue which seems constant amongst OnePlus devices where you can hear others in a call but they can't hear you... This is still a decent phone, but definitely won't buy it again.",0.3182,0.029166666666666674,0.007083714008331299,0.04946206510066986,0.433225154876709,0.3094775676727295,0.13625459045217758,0.10803340724556909,Positive,Neutral,Neutral,Neutral,Negative,Negative,Positive,Positive
"Tank of a phone, never failed me, it does everything i ask of it, no regrets of buying it",0.5875,0.15,0.07588706817477942,0.00031459564343094826,0.6488662958145142,0.7233284711837769,0.6962521395371005,0.30199076067106223,Positive,Positive,Neutral,Neutral,Positive,Positive,Positive,Positive
"I've just had the phone for one week, but I love it. The battery lasts much longer than other phones I have used. It was easy to set up.",0.8922,0.2520833333333333,0.00783887435682118,0.0037498821038752794,0.6666131019592285,0.7233147621154785,0.9395024076161841,0.4190748994820428,Positive,Positive,Neutral,Neutral,Positive,Positive,Positive,Positive
"Very comfortable to use a bigger hands like mine, but has a built in feature that lets you pull apps down from the corners of you can't reach them, which is really useful for smaller hands. Pictures look good and the zoom is INCREDIBLE for photos and videos. Good user interface, though missing some features from other major Android phones.Overall, great phone",0.9646,0.2918287037037037,0.016799248289316893,0.003458218416199088,0.6625590324401855,0.7221429347991943,0.8667531989701148,0.42868787387586693,Positive,Positive,Neutral,Neutral,Positive,Positive,Positive,Positive
Blazing fast. I can play the latest games and watch videos on this beautiful phone. The games play at their absolute best and older games can shine with the features added to optimize gameplay and graphics. Charging is phenomenal and battery life has exceeded my expectations. I can even expand my RAM even further than the 16 GB in the phone by using my SSD space. I would recommend this phone for those who want a blazing fast experience at a great cost.,0.9777,0.4416666666666667,0.008352575940079987,0.0003158807521685958,0.5620025396347046,0.6841331720352173,0.8815533250648824,0.4619176896847595,Positive,Positive,Neutral,Neutral,Positive,Positive,Positive,Positive
"La entrega del m√≥vil fue r√°pida, recib√≠ el equipo en buenas condiciones como esperaba",0.0,0.0,0.8183102607727051,0.007601471152156591,0.6853339672088623,0.7233289480209351,0.9262107616875279,0.35042449872247794,Neutral,Neutral,Positive,Neutral,Positive,Positive,Positive,Positive
Battery drains fast. If you're not troubled by that it has a lot of nice features. I returned it.,0.6463,0.35000000000000003,0.1710042804479599,0.430058091878891,0.6199702024459839,0.7233282327651978,0.9598264013919199,0.5114377547437542,Positive,Positive,Positive,Positive,Positive,Positive,Positive,Positive
"For 500 less than the iPhone pro Max,OnePlus12 is almost as good and excels it in many ways.  I upgraded from a OnePlus 7t Maclaren I have had since 2018..that was (previously) the best phone I ever had..now, this is.  The picture quality is amazing and the 80w fast charging from 0 to 100percent in 30minutes absolutely amazing.  The watch2, I purchased with this and it is great as are the new earbuds..color üíö green is amazing..the snapdragon OS and Oxygen android update fixes any and all issues previously such as android Auto disconnects..Absolutely best phone for the money..one charge lasts more than 2 days!!üíûüíûüíû",0.9933,0.39307359307359313,0.007865654537454247,0.006255041342228651,0.5474503040313721,0.27873754501342773,0.9253351410131456,0.46516588599328434,Positive,Positive,Neutral,Neutral,Neutral,Negative,Positive,Positive
"It has great battery life. I've forgotten to charge it a couple times and been fine. It has good sound. Is has a good display, though the glare is quite bad. It came with a plastic cover on the display and I have not taken that off, so that might be the cause of the glare? It also doesn't really get bright enough for using it in the sun. I've not had any problems with it, which says a lot for the price point. I use it to listen to spotify and it has great sound for a handheld device.",0.8675,0.4015151515151516,0.08971859142184258,0.14039555191993713,0.40334057807922363,0.49701714515686035,0.8058425972008099,0.46099437841154833,Positive,Positive,Neutral,Positive,Negative,Neutral,Positive,Positive
"I am a nerd. I own almost every foldable and phone out there. This foldable is by far the best phone that I have ever had with the exception that it is not dust protected. That is the only reason that I have it accepting Wi-Fi Hotspot from my daily driver S23 Ultra because I do need something that can withstand the elements. Update: Had to factory reset due to constant random resetting during WiFi calls and other tasks. Also found brick dead twice. After reset, no issues, yet. I'll give it a few more days. Update 2: Even after the factory reset, and a few hopeful days using everything else I like about the phone, it started to randomly reboot. This is a deal breaker. Edit Dec 25: I updated the software; crossing fingers that there's no more random reboots. Last edit: 1 star. When only WiFi is on the phone, no data carrier, loss of WiFi signal, causes phone to sporadically reset/restart, no matter what you're doing, even if on a WiFi meeting. Down to 1 star and ""Do Not Buy"" without good warranty status. You'll need the warranty. Reset 3 times back to back today, even after factory reset and all updates applied.",-0.3048,0.006565656565656567,0.12097831442952156,-0.24989156424999237,0.36864209175109863,0.04973292350769043,-0.30612517639355363,-0.14665455392967358,Negative,Neutral,Positive,Negative,Negative,Negative,Negative,Negative
"I bought this after my dad bought one and I helped him set it up and saw how amazing it performed. My dad returned his to get a new iphone because he wanted to stay with his familiar apple.. So a month later. I bought one, and let me tell ya somethin'. Don't think of it as ""cheap""... This bad boy performs like nothing else.. I don't care about load time for apps or how long it takes to turn on/restart. That's highly irrelevant. Overall use and performance is what matters. This thing is a powerhouse! 8core, 8gb ram... Expandable to 1tb sd card... Yeah. this thing has mass power.. I've used apps known to heat up and over heat phones as my performance test and this thing didn't get warm in the slightest. I also love that you can allocate unused space out of your 128gb to help the ram perform cleaner and more efficiently...I absolutely love this phone.. I love how it feels in the hands. has more freedom to customize than most ""android"" based OS's. you can actually delete apps you don't want and disable ones that don't delete..I'm very happy with this purchase and with its specs. I'm sure itll last years.. unless I break it for some reason.. I'm not the most careful person..",0.9671,0.26188016528925623,0.13008615747094154,-0.14703255891799927,0.4030759334564209,0.4244053363800049,0.9385516492348361,0.4301170826154069,Positive,Positive,Positive,Negative,Negative,Negative,Positive,Positive
"The main problem with all of my previous OnePlus phones always had to do with the battery life being pretty awful. This new OnePlus 12 phone has an shockingly long-lasting, even quicker charging battery than any other smartphone‚Ä¶ period!",-0.5411,-0.2528409090909091,0.09126250445842743,0.41208645701408386,0.6425319910049438,0.7232768535614014,0.6605067576042314,0.07398296199716671,Negative,Negative,Neutral,Positive,Positive,Positive,Positive,Neutral
"The closed screen is easily usable 1 handed, which is more convenient than my old Galaxy Note 20 Ultra 5G.  The open screen is great for work, especially emails or spreadsheets.  The camera is amazing.  The battery lasts all day with heavy use.  The only thing I thought I would miss is the stylus, but I have quickly forgotten about it as the open screen more than makes up for the niche use of it.  The speakers put out great quality sound.  For hundreds of dollars less than the Z Fold 6 this is easily the best foldable you can buy right now, and an unbelievable value.",0.97,0.27345238095238095,0.011384669225662947,0.002659942489117384,0.47805237770080566,0.43144702911376953,0.8752260201084325,0.4265446025551188,Positive,Positive,Neutral,Neutral,Neutral,Negative,Positive,Positive
"I like the phone.  It's the 3rd oneplus that I've had.  It's a good phone.  The only two big downsides I had for this phone when comparing to Apple and Samsung is that 1) the facial recognition is pretty poor.  it's just random when it decides to work or not, and if it's dark or anything at all around your face you can pretty much forget it.  2) the camera quality is pretty bad.  Luckily for me, I don't take a lot of photos so it doesn't bother me that much, but I would really have liked something that would at least look similar to an iphone's capability 10 years ago.",0.8798,0.04912280701754386,0.3581196665763855,0.03604472381994128,0.36292576789855957,0.1514054536819458,0.5948522531112126,0.3835878901050166,Positive,Neutral,Positive,Neutral,Negative,Negative,Positive,Positive
"As long as you have your APN settings right, it will work with Verizon, most people are just technology illiterate and blame the phone instead of there own ignorance.",-0.5994,0.33392857142857146,-0.5240352749824524,-0.3410872220993042,0.5669959783554077,0.7233208417892456,0.3989027806003249,-0.14633822901057209,Negative,Positive,Negative,Negative,Positive,Positive,Positive,Negative
I got rid of my one plus 8 phone because I thought it was defective. I had to reboot the phone every once a while when I wanted to make a call. If you tried to make a call they can hear you but you cannot hear the other person. I still liked the phone for all the other features. so I upgraded to a BRAND NEW one plus 9 (the 8 was a used one) BUT after a week or two of having it.. THE SAME F******** thing happens.. I try to call and I cannot hear the other person so I HAVE TO REBOOT just like the old phone.. I WILL RETURN THIS PHONE and NEVER NEVER get a ONE PLUS AGAIN. I think I try the Google Pixel (? version ?) I have heard lots of good things about that phone.,0.8809,0.14517045454545452,-0.5287727117538452,-0.6164106726646423,0.282642126083374,-0.15245234966278076,-0.2684896898167304,-0.07752052393795268,Positive,Positive,Negative,Negative,Negative,Negative,Negative,Neutral
"This phone is great! Folded you get a standard size screen for normal use, unfolded and you get about twice the screen for multitasking work or game on a bigger screen. Only issue I have is the screen protector on the cover screen due to fingerprints and dusts.",0.6588,0.08928571428571427,0.04287249036133289,0.007907005026936531,0.683881402015686,0.7231944799423218,0.6609505658676909,0.2919631551083349,Positive,Neutral,Neutral,Neutral,Positive,Positive,Positive,Positive
"I bought this phone because physically it has features I want but there is also the OS OxygenOS so this is my thoughts on both.I wanted an unlocked phone that works with TracFone. I wanted NFC, minimum of 128gb storage plus the ability to use my micro sd, 5g though 5g was not a deal breaker. As I looked I became aware a 3.5 headphone jack is rarely available on most new phones and I use that daily and it's available on the N30.I had no problems activating the phone and transferring my TracFone service, I used a TracFone sim and the menu available on the TracFone website. The phone functions well everything I was looking for. It does have one physical drawback in my mind and that is the location of the volume keys. The power is on the right and volume on the left and it's easy trying to change the volume to press the power at the same time. In OxygenOS the power button and volume down key activate the power menu to restart or power off and it's easy to press both unintentionally. The battery I'm happy with only charging once a day with the supplied charging block and cable. It will quick charge in about 20 minutes. Overall I am please with the device. The sound is wonderful, the camera good but the interface is different then I previously had. I work from home and use wifi calling without an issue.The OxygenOS is the other part, I have adjusted to most of the differences but it's not what I view as my OS of choice. An example the phone would go to sleep while I was looking at it, I looked for a setting to keep focus while I was looking at the screen but for the life of me I couldn't find an obvious named setting. I continued looking and I have changed so focus stays on but trying so many things I can't tell you which setting changed it. I use Niagra launcher and it makes a change in OS less dramatic. There are two apps I have been unable to uninstall, ‚ÄúRed Cable Club‚Äù and the ‚ÄúOneplusClock‚Äù I prefer the Google clock I‚Äôve been using for years.I would buy this phone again, it has all the features I was looking for and some of those are being eliminated in new phones.",0.9759,0.17827115694762752,0.24776326678693295,0.09395625442266464,0.4746568202972412,0.35907745361328125,0.4132196431464329,0.3818220642607316,Positive,Positive,Positive,Neutral,Neutral,Negative,Positive,Positive
"My daughter got one of these one plus phones and she really likes hers . She got the pro and I don't like rounded screens , so she talked me into the one plus 9 because it has a flat screen. I've had it a week now and it is a very nice phone. After my husband got a hold of it he was jealous so I ordered him one for Father's day . It came fast and set up was easy too.",0.6093,0.31766666666666665,0.019435539608821273,0.02282298356294632,0.5989084243774414,0.705394983291626,0.5536382532935502,0.3045726886263969,Positive,Positive,Neutral,Neutral,Positive,Positive,Positive,Positive
Phone has the slowest WiFi speeds I've ever seen on a phone. Doesn't even recognize WiFi 6 and rarely sees WiFi 5. No wireless charging. Finicky when plugged into my PC. When outside my Pixel 7 is brighter than this phone. Finger print reader works fairly well. Fast charging is great.,0.765,0.4,0.11547533422708511,0.0821063220500946,0.6749844551086426,0.7232010364532471,0.6973383221669092,0.41198399568881783,Positive,Positive,Positive,Neutral,Positive,Positive,Positive,Positive
Had it for 2 months and the screen broke for no reason I didn't drop it or anything I was playing a game I closed it and opened it back up and it was broken now I have to wait 5 to 7 business day while I get it fixed I connected OnePlus and they are useless in short never settle for OnePlus,-0.8067,-0.18571428571428572,-0.9395962357521057,-0.7987589240074158,0.6743488311767578,0.721534013748169,-0.2414029080329659,-0.5944344707013547,Negative,Negative,Negative,Negative,Positive,Positive,Negative,Negative
"Loved the phone coming from Samsung Fold 4.Good: bThe outer screen in great, the camera is top notch.Bad:  Some Apps have to be reinstalled over and over (Best Buy) because of interface issues.  The inner screen isn't as fluid as the Samsung Flex Mode.  You will love the initial use until your apps will not load.  The android use with your automobile will be funky so don't expect smooth issues.  During the auto mode the Bluetooth will keep initiating, even if you turn it off.  Will turn itself back on.  Smh",0.9607,0.39,0.11417195200920105,0.050582924857735634,0.4929165840148926,0.5645434856414795,0.7516027191623158,0.4534115192058506,Positive,Positive,Positive,Neutral,Neutral,Positive,Positive,Positive
"Good, solid, speedy all around phone. The only issue with it is the curved screen. Too many accidental touches.",0.4939,0.3,0.19957764446735382,0.003541157813742757,0.6203093528747559,0.7233283519744873,0.7003260886686675,0.3394689781899528,Positive,Positive,Positive,Neutral,Positive,Positive,Positive,Positive
Why advertize 1 day shipping if they can't deliver on-time? How hard is this? The phone itself works great,0.6199,0.25416666666666665,0.09209302067756653,0.007020972669124603,0.6334202289581299,0.7233279943466187,0.6478080583059084,0.32419774366385323,Positive,Positive,Neutral,Neutral,Positive,Positive,Positive,Positive
My Nord N30 I bought used in good condition and it's a great phone. Haven't had any issues.,0.7906,0.75,0.019333217525854707,0.0010543335229158401,0.6352064609527588,0.7233266830444336,0.7659717943477081,0.4653918690792957,Positive,Positive,Neutral,Neutral,Positive,Positive,Positive,Positive
Great device,0.6249,0.8,0.07259364519268274,0.00015491480007767677,0.6621003150939941,0.723330020904541,0.9690265826294645,0.493335028524445,Positive,Positive,Neutral,Neutral,Positive,Positive,Positive,Positive
"Was very worried whether I could get a provider, because I was with Straight Talk with my last phone and I couldn't find information that Straight Talk worked on this OnePlus 11 phone. I went from an A51 Samsung Galaxy phone to the US Factory OnePlus 11.  I took the Sim card out of the Samsung and put it in the OnePlus 11 and I had service right away.I know I couldn't keep the new phone on the old Sim, so I went to get a new Sim Card, but ended up buying a Simple Mobile SIM card which is a sister company to Straight Talk. Had to call into Simple Mobile to set it up though.  It would not just setup. However, when I called customer service and they sent me codes, they asked me questions, such as ""what is your pin"", etc. and I couldn't answer them because I was not setup with Simple Mobile.  I kept saying I am not getting codes from Simple Mobile and I haven't setup security questions with Simple Mobile.  Later during the conversation I noticed I was getting messages from Straight Talk.  I then found out the same people I was speaking with work for both  Straight Talk and Simple Mobile. So, my codes were in another email address I set up for Straight Talk.  The security questions they asked me that I couldn't answer, were actually the Security Questions I setup in Straight Talk.  Was confusing.Want people to know, I just did not want to order a SIM from Amazon or Straight Talk and wait a few days to get it. That is the only reason I didn't set it up with Straight Talk. The IMIE number did work with Straight Talk. I tried it also with Google Fi and Verizon.  Verizon actually recognized the ESIM as well. So, I was surprised. So, my answer to, ""Will this phone work with Straight Talk?"" Yes it will and it also works with Simple Mobile.I bought the Simple Mobile Bring your Own Phone 4G LTE and 5G Sim Card. It was $1.00.  But they charged me another .55 cents for 911 emergency fee for the Sim Card.  When I signed up with Simple Mobile to be my actual provider, I noticed I am charged again .55 cents for 911 emergency fee?The look is different then what is in the pictures.  It is not a dark green.  In fact it is sort of a light blue green.  It is very nice looking and a wonderful surprise. I would say it is more of a marine blue. Laying down with a clear cover on the back of it. It is a light green/gray color.How fast it charges is amazing.  15 to 20 minutes and it is fully charged. Love it!It was very easy to setup.  I used the Google backup method, by backing up my old phone to Google Drive and then uploading from Google Drive to the new phone.  All my apps were setup automatically. I just had to put in my internet credentials and email credentials and I was all set.One thing I noticed was I couldn't shut the phone off. Apparently you press the power button on the right and have to hold the volumn up on the left at the same time to get the power option to shut it off. I didn't like that...so I went into Settings and went to Additional Settings and went to Power Button Menu and then to the Press and hold the power button menu and checked off the Power Menu instead of the Voice Assistant.Now all I have to do is press the right hand button and hold it and I get the Power off menu.  I did this because everytime I went to power down the phone by using the right power button, the Google Voice Assistant popped up.  Couldn't stand it, so I changed that button to just be Power on and off by doing the above.I know I read previous reviews stating this problem, but I don't think anyone said how to change it. So, this is for people like me, who don't want the google assistant coming up when they are trying to shut their phone off.I will try setting it up with my car next, but I really don't expect any problems. The service has been good so far and am not having any problems with text, voice or data.I didn't like the lock screen clock. It was weird as it separated vertically the hour and the minutes.  I was able to change that by going to Settings, then Wallpapers & Style, then menu option: always on Display and then changing the clock.  There are not a lot of options there.  But, maybe I can download something on Google Play.So, far very happy customer.Update:  Works with Android Auto. Set it up in my car with no problem.  Was tricky as I didn't understand what I was doing. Plugged it into my USB port in the car and plugged the other end of cord to the phone.  Went to menu in car and put on BT Pairing and went to my phone and swiped down to get Bluetooth.  It said available devices and gave me some sort of at numbers and letters that had no sense to it one way or another and I pressed that on the phone and then pressed BT pairing on the car menu and I then saw Car Audio and it asked me if I wanted to pair or accept that, so I pressed yes.  Called someone and it came over my car radio which was perfect.  Make sure car is on when you do all of this and it does say to have it in park.  I don't think it mattered in my case.  I have an older 2015 car and it worked fine.  I got calls in and they also went out.  Perfect!  The google mapping worked perfectly on my phone giving me direction by direction.Bought a second US Factory OnePlus 11 5GB for my husband and setup Android Auto and it gives us google mapping on his car dashboard with no problems.",0.9985,0.18591806567416327,-0.5081252455711365,0.3414628207683563,0.49836814403533936,0.2599813938140869,0.025607040827209326,0.20867253633971852,Positive,Positive,Negative,Positive,Neutral,Negative,Neutral,Positive
"This OnePlus 12R is the best phone I have ever owned. I had purchased a Pixel 7 after my iPhone started giving me grief, and the battery was draining quickly. The Pixel 7 had issues, so I purchased an off brand phone, which had to be returned as well as the Moto G Stylus 5G I purchased.I couldn't decide between the OnePlus 12 and the OnePlus 12R, but I went with the 12R since it was more than $200 less. I'm not sorry.This phone charges quickly, the battery is long-lived, and the screen is extremely responsive even with a screen protector. It also takes awesome photos.I highly recommend it to everyone. And it sure beats paying $1500 for a new iPhone.",0.968,0.2610330578512397,0.0246324110776186,-6.104586645960808e-06,0.40200817584991455,0.497143030166626,0.9617534287180715,0.44308255861205675,Positive,Positive,Neutral,Neutral,Negative,Neutral,Positive,Positive
"Disclaimer: I use this phone mainly to talk, text and peruse social media.  I don't do too many live videos or take a ton of photos.This phone does a great job in everything although it's really not a master in anything outside of battery life and charging options.  I get a full day out of this phone easily.  Usually around the 1 day, 3 to 5 hour mark before I charge each day.  I usually charge when the phone gets between 20-25%.  I can leave my house at 35% or even go to bed at 15% and never worry about running out of juice.  And even if I'm low on juice, I can charge this phone from 20-100% in about 25 minutes.  I am amazed at how I can put this phone on the charger and in just a matter of 5 minutes I've gained about 20% of power.  Even when using a USB charger, it's still pretty fast.  Wireless charging is about average.  That is the phone's biggest strength.As far as talking goes, it has a good quality sound.  Coming from a Samsung 20 FE (Verizon service), I found myself missing a call now and then (goes straight to voicemail) or drops in audio when I took calls at home.  I've yet to have a problem with the OnePlus, so I'm guessing the internal anntenna is better because I'm still with Verizon.There are a lot of audio playback options available (Dolby Atmos, Spatial, etc.) and I haven't tried them all out yet, but the speakerphone sounds loud and crisp.  However, when I connect to a Bluetooth speaker or in my car's audio system, the volume tends to be lower.  I have to really crank up the volume in my car or max out my Bluetooth speaker to hear clearly.  However, maybe there's an option I'm missing in the settings that would help me.And there are a ton of options in the settings!  It can be overwhelming to someone who isn't tech-saavy, but it's not as bad as it looks.  Most of the settings are basic on the surface, but if you go into the sub-menus then it will get more advanced.  But you can control things to enhance the already superior battery life to changing your refresh rate for smoother scrolling.  Just about everything else is typical Android stuff, but OnePlus has some nice features of its own with the Floating Window and One-Hand Scrolling.The phone needs a case.  It's not easy to this phone even with both hands.  I wouldn't advise anyone try it unless they have pretty big hands.  It will probably drop as you are texting.  But that's not a deal-breaker because cases are inexpensive.The media on this phone is smooth.  It looks really good and there are options to tweak it even more.  Someone who is an avid TikTok or IG fan will be at home with this phone.  The camera takes amazing photos.  Unfortuantely, I haven't been on vacation yet to give it a real try, but what I've taken so far are very nice.  Definitely a little clearer and more realistic than my Samsung 20 FE.  Recording video is pretty impressive, too, but I've yet to do a live or video call.Anyone who pays almost double for an iPhone or Samsung is really just seeking the brand.  Yes, those phones may have a few more bells and whistles with A.I. and they may have slightly (arguably) better cameras.  But if those phones are a 10 on a scale of 1-10 then the OnePlus is a 9.  And it is much, much more inexpensive to the point that you could probably get two of these for the price of an iPhone or Galaxy 24.",0.9966,0.22757203179334323,0.09275259729474783,0.06967990845441818,0.4642432928085327,0.24003076553344727,0.8346848237692519,0.4442578722623522,Positive,Positive,Neutral,Neutral,Neutral,Negative,Positive,Positive
"I've never used a phone cover on my phones.  But within a month, this phone has somehow gotten a bigger (although superficial) scratch than I ever had on my older phones.  So I have to conclude the glass isn't as scratch resistant as I would expect from a good phone.",0.5927,0.28888888888888886,-0.5884816646575928,0.3959014117717743,0.6714863777160645,0.7227779626846313,0.5087071239792655,0.23954315199646717,Positive,Positive,Negative,Positive,Positive,Positive,Positive,Positive
"Have had this device since December 2023 (a few weeks after it came out). Below are some pros and cons.CONS:- Camera is mediocre, unless you are taking still photos (which are fantastic)- WiFi speeds are not in the same league of even a prior gen Samsung/Apple flagship devices. I have a S22 Ultra and this, and in the same location, the S22 ultra will show speeds upwards of 870Mbps, whereas in OnePlus Open will not cross 500. Yes, it may not be a deal breaker, but with most homes nowadays having a lot of IoT devices, bandwidth/ speed are all limiters. ALSO: Ensure to turn off ""Private DNS"" which will otherwise cause speeds to be EVEN MORE slower (!!)- Apps sometimes quit and need to be force stop and reopened. May or may not be an Android thing, but seems to happen more on this than my S22 Ultra- Compare the photos from this phone vs the S22 ultra (or S23 or s24) and those are noticeably better/ sharper. All these phones have AI and processing power, so no excuses for the camera being bad. But yes, the software is not up to the mark which could be the difference.PROS:- Screen and display. Size and clarity are fantastic- Still photos from the camera are excellent, with good clarity- Audio quality is really good on both phone / video calls and music, etc- The device is fast (exception of WiFi)MEHs:- Even in places with good towers nearby, the 5G speeds are almost useless (lets' not get started on the whole is 5G worth it discussion)- Phone does get noticeably warmer with using maps for a couple of hours or video playback for couple of hours- Battery life is okay, nothing to write home aboutOVERALL:While it is not a stellar phone for the pricepoint, it is definitely good. And hope it gets better with more OS updates. Will not buy another OnePlus until these improve though.",0.9951,0.2428240740740741,0.5528668165206909,0.387082040309906,0.3567923307418823,0.19837450981140137,0.5408422075637997,0.5437430276936942,Positive,Positive,Positive,Positive,Negative,Negative,Positive,Positive
"Charging port had difficulty after just 5 months, adding a fingerprint has to be the most painful thing Im so heated I'm buying anything asap that experience alone infuriates me. Camera is really just ok.",-0.8805,0.125,-0.9778512120246887,0.4947253167629242,0.5873010158538818,0.7233121395111084,0.768203132028388,-0.09408455264667533,Negative,Positive,Negative,Positive,Positive,Positive,Positive,Neutral
"This phone is awesome, only downside though is it doesn‚Äôt have more storage options. But it is like the title says ‚Äúbest foldable of 2023‚Äù hands down. Wider outside display, excellent cams and it even has stylus support not only on the inside screen but outside, too. You can use a cheap stylus from amazon, if you don‚Äôt mind not having all the features. Or you can basically wait for one plus to get their stylus on the market(amazon). So if you are thinking of a foldable i would buy it and try it out, you can return it if you are not satisfied. Thank you OnePlus and amazon.",0.9069,0.31767676767676767,0.02461802028119564,0.01039590546861291,0.4124704599380493,0.43723297119140625,0.27979824248007973,0.30787778718133124,Positive,Positive,Neutral,Neutral,Negative,Negative,Positive,Positive
"Ready to use, but some features are very limited. A bit too long. High quality photos. Protectors not easy to find.",-0.6308,9.523809523809268e-05,-0.6056910157203674,0.08152935653924942,0.6752153635025024,0.7233278751373291,0.9528610271940318,-0.040401078778369626,Negative,Neutral,Negative,Neutral,Positive,Positive,Positive,Neutral
"I like that this phone has a good battery life and charges superfast. The display is crisp and clear -- again something I like. The speakers allow me to listen to a lecture while driving if put on my shoulder. The one thing I dislike, and it is probably a part of the OS, is that I cannot delete portions of a message thread; the only option is to delete the entire thread. Also, I am used to a quick and easy way to add contact info to an incoming text. I go round and round trying to figure out how to do this with this OS. This is definitely an improvement to my Samsung and Motorola phones. No real bloatware. The automated ""clean app"" bing from T Mobile did not work despite multiple bings. That's OK just as long as I can do it manually. This is my second Nord OnePlus phone. It won't be my last. I already have the extension tablet with keyboard -- I like that I can ""cast"" my phone to that bigger work/viewing surface -- and I have the Pro2 earbuds. For a brand that I never heard of before seeing them on Mint Mobile, I am pleasantly surprised at the usability. and innovations. Their red cable recharger even speed recharges my Samsung work phone. It's hard not to follow what they are doing...",0.9723,0.09246031746031748,0.11535723507404327,0.0021146171493455768,0.40954697132110596,-0.0485958456993103,0.7716864439615118,0.3907837227290437,Positive,Neutral,Positive,Neutral,Negative,Negative,Positive,Positive
Love the phone if you're gonna root it it's even better. Stock use is pretty decent if you're a light user it's awesome if you're a heavy user the battery last less than expected but charges unbelievable quick (please try not to use it while charging) I suspect the that charge rate comes at the loss of charge cycles but am not sure.Just wanted a phone with more ram and newer Android OS as well as more storage so I am happy.The bad NFC does not work unless your  rooting the thing. So yeah there's that.,-0.3613,0.18222222222222226,0.04040857404470444,0.3329227864742279,0.3557790517807007,0.46323704719543457,0.9075813889483348,0.22036699433789791,Negative,Positive,Neutral,Positive,Negative,Neutral,Positive,Positive
"For context, I've been a long-time iPhone user, and I've been taking flack for it ever since I started working in tech. After doing research on the best folding phone I landed on this one.I think its a brilliant phone when it comes to the camera, screen and software features. Oxygen OS is amazing and I hate to admit it, but far superior to iOS in my humble opinion.That being said, customer support for this device is non-existent. My mother-in-law accidentally dropped my phone, and even though it was in a pretty rugged case, the internal screen got damaged. It's been over a month since I started the repair process with One Plus directly, and they told me today that they haven't even inspected it. On top of that, I called several phone repair shops here in Southern California, and they estimate they might have repair parts in a year.Which ultimately leads me to this:The fact that getting a device repaired is such a pain makes it completely impractical. I would rather have inferior hardware and software, but I know that if an accident happens or my device breaks, I can get it repaired or replaced quickly.",0.0387,0.2107843137254902,0.011258333921432495,0.4330931603908539,0.29271674156188965,-0.27904319763183594,-0.30680669172957276,0.07740582326164076,Neutral,Positive,Neutral,Positive,Negative,Negative,Negative,Neutral
"This is probably the fastest handheld device I've ever owned.There are some features that I miss from my Motorola Action One, but this 1+ N30 is truly an upgrade. From Power ON to opening an App, it's quick...real quick. The battery lasts real long, and it charge 100% in about 30 minutes when using the original charger. I wonder why it didn't come with headphones, but I don't need them anyways.Some Issues: it doesn't read 1TB SD card;  it doesn't take 3 cards, but 2 that can be either Sim + SD, or Sim + Sim. I didn't know this in advance.Never settle for what? üíï",0.9253,0.18333333333333335,0.2146248072385788,0.011345786042511463,0.4547685384750366,0.22224116325378418,0.8690018791467968,0.4407211611522441,Positive,Positive,Positive,Neutral,Neutral,Negative,Positive,Positive
The GoodBrilliantly quickFluid display.As bright as advertisedThe ultravooc charging is exactly as advertised.. super fast. Smart charging at night is a plus too!!You can very easily adapt this phone to whatever use case.Great heat management as well is really good. Even when gaming. I've only noticed it when it's charging.Comes with an applied screen protectorQuite loud as well so the sound is very goodBattery life goes without saying. On basic use by the end of the day I have about 60%. Of battery .. Heavy use days it gets to about 15% but always lasts through the dayMore than 8 hrs straight of video useThe badThe phone is quite slippery out of the box. Looks fantastic but is unrealistically slippery. You'll need to buy a coverIts hanged on 2 apps over the 3 months I've had it : Gmail and YouTube but you can still switch around apps and kill them very quickly. Problem disappeared once the app was restartedCamera at night (in the dark)  isn't great but if you're not too serious about taking photos at night you won't notice it. During the day though the picture quality is üî•Not much else is bad about this phone. Feels like a significant upgrade from my previous phone. A Samsung Galaxy S21,-0.5736,0.19649068322981367,0.035366492345929146,0.010301348753273487,0.42188000679016113,0.27696430683135986,0.8584633869159126,0.10540438224898578,Negative,Positive,Neutral,Neutral,Negative,Negative,Positive,Positive
"After 3 weeks of using the phone, here's a short pro/con listing:Pro:-fast response time-clear screen even in sunlight-clear audio on voice calls-good battery life-easy transfer of files from previous phone-Camera OK for my usesCon--just a few:Power off sequence is difficult: pressing two buttons on opposite sides of phone to shut down seems overly complicated on a big phone. Why so difficult?Doesn't like Sync3 in my car to stream music, I have to use :media"" instead of apps to get it to stream and lose some ability to control music. Any ideas on this?For $229, this was a great deal. I compared it to the MOT 5G Power and SAMSUNG A14 in a side by side compariso, and this was clearly better for about the same $.",0.7889,0.04343434343434344,0.18837253749370575,0.43137454986572266,0.3901273012161255,0.292893648147583,0.43405488863228614,0.37722726388521155,Positive,Neutral,Positive,Positive,Negative,Negative,Positive,Positive
"the phone is incredible, except amazon sent me the chinese version, so i returned it. i bought the oneplus 10 insteadcheck your model number right away, if it ends in 0 its not the usa version",0.3134,0.3952380952380952,0.09622761979699135,-0.0156785249710083,0.6106956005096436,0.7232929468154907,-0.39126881894208665,0.07958367422439834,Positive,Positive,Neutral,Neutral,Positive,Positive,Negative,Neutral
"They (most reviewers) said it was overstated, but that was an overstatement.  The camera image and video quality is very poor throughout.  This is simply true, and should have been mentioned by reviewers.  Well over a decade old in expected quality.Everything else about the product is above standard.  Seriously cut the corners extrmemely hard on the camera.  Somehwat dissatisfied, but I needed something of rugged quality as well, something lacking in phones with much higher quality cameras.",-0.7869,-0.004500000000000004,-0.6889551877975464,0.5122080445289612,0.5530154705047607,0.7125205993652344,0.713096596923921,-0.05101010926893286,Negative,Neutral,Negative,Positive,Positive,Positive,Positive,Neutral
"After just a one I start seeing dead pixels, then days later white lines started forming which made the device unusable.  Never dropped.  I contacted customer service and wanted to ship my device while I'm on my vacation.  They didn't accept.  So I tried the online request and kept getting denied with an error that I'm not using the same email address I used upon ordering which I was. This is so frustrating.  Never buying their phones again",-0.9416,-0.12000000000000002,-0.9683437347412109,-0.8549275994300842,0.5148253440856934,0.6924712657928467,-0.28684065573827544,-0.6343423979819142,Negative,Negative,Negative,Negative,Neutral,Positive,Negative,Negative
"Es el mejor celular que he tenido, fui usuario de IPHONE mucho tiempo y esto es un ""Game Changer"".Tiene las mejores prestaciones relaci√≥n calidad precio! muy muy fluido, bater√≠a que dura un eternidad, la carga al m√°ximo en menos de 20 minutos, muy elegante, sensaci√≥n super Premium.La c√°mara de este celular no tiene nada que envidiarle a los d√©mas competidores de gama alta. muchis√≠ma gente me ha elogiado, pues mis fotos tienen calidad muy muy profesional.Es una super compra y recomiendo enormemente este producto!! Ser√© muy fiel a esta marca por mucho tiempo!",0.8798,0.1614583333333333,0.7294983267784119,-3.6854762583971024e-05,0.6024167537689209,0.618140697479248,0.976456360623613,0.5494352331945548,Positive,Positive,Positive,Neutral,Positive,Positive,Positive,Positive
"Update:I no longer close myself out of apps (except just now, bc this phone has a twisted sense of humor). Like any new setup, it just took a little getting used to. For example, I added a screen protector, not realizing it came with one already on it. I don't expect to upgrade for quite a while, but when I do, I probably won't even bother looking at other brands. OnePlus is the way to go - the Nord n30 feels and acts like a much more expensive device than it is.Original:I had never heard of the OnePlus brand until recently, but they seem to have a very good reputation. The Nord n30 kept topping the list of best lower-cost phones, so I took a chance and I'm so glad. My old phone was glitching a lot, basically acting like it was on the verge of total failure. I wanted to get something of reasonable quality, and fortunately, Amazon lets you pay in installments with no interest. That makes a big difference when money is tight, and at the holidays in particular.It's thin and light, and the screen is about as big as it can get without being ridiculous. That's perfect if you're 40+ and don't see as well anymore. The downside is that if you happen to have small hands, it may take some getting used to - it's just the slightest bit of a reach. The display is bright and beautiful, and it's super quick with no lagging. If you watch videos or listen to music you'll notice that the sound quality is amazing, particularly with earphones.I take a lot of photos, so the camera was important too. This one is very nice and I've gotten some excellent pics of the cat (and really, what else are cameras for?). I tested it on notoriously difficult holiday lights at night, and it did very well. Looking forward to landscapes and snow scenes. And more cat. The only thing that bugs me is I keep accidentally minimizing apps by swiping too close to the bottom where the functions are. That's something you have to acclimate to, but hopefully I'll get there soon.Overall this is an excellent choice if you want a high quality phone that doesn't cost half a month's rent.",0.9974,0.22171330653473514,0.24168415367603302,0.06532982364296913,0.4677889347076416,0.35657012462615967,0.9018017738162298,0.48558581153399344,Positive,Positive,Positive,Neutral,Neutral,Negative,Positive,Positive
I recently bought this phone with the intention to use it. It exceeded my expectations and arrived with the box SEALED and with a SCREEN PROTECTOR APPLIED! this phone came in and only took about 15 minutes to set up and it is really nice quality and feel to it. I thought i might have been scammed but NO! perfect phone in perfect condition with the only real flaw being how weird the screen protector feels when i touch it but I will get used to it. Phone starts with a base 8 gb of ram and has expandable ram (if you have extra storage space it can be used up to 6 gb of ram) the user interface is fine and uses google messages and provides a lot of versatility with its settings. the phone is currently a 5/5 for me!,0.9346,0.04722222222222222,0.04502763971686363,0.001944635296240449,0.503955602645874,0.43372583389282227,0.9396471263339735,0.39368832471385995,Positive,Neutral,Neutral,Neutral,Neutral,Negative,Positive,Positive
"I bought this phone at the recommendation of a friend who is very happy with theirs. I'm someone who isn't picky about my technology... I just want it to be straightforward, reliable and affordable. I'd honestly just get a flip phone if it wasn't so hard to get by in today's day & age without it being the expectation now that everyone has a smart device, on them at all times.Well... this phone fits the bill and then some! First of all, the battery life is honestly baffling. I'm not joking, I drove 20 minutes with GMaps GPS running and arrived still at 100%. I was so confused, not a single percentage point? I just wanted something that didn't obnoxiously guzzle battery and got so much more! Not sure how long this level of performance will last with the limited knowledge I have on how to maintain it, but sufficed to say this is really amazing so far.As far as everything else goes, I upgrade my phone so infrequently that I really don't know how it compares to what else is out there... even if you showed me ""the specs."" I'm sure it isn't the absolute best around, but what I can tell you is this: the call clarity is great, both handheld and speaker. Bluetooth connects quickly and stays connected. I can have a lot of apps and Internet tabs open and switch between them and not be waiting for stuff to load (don't worry, I clear them when I'm done). Oh and the camera quality is so clear! Long story short, everything that needs to work works, it works well, and it's pretty easy for a less tech savvy person like myself to figure out.The price point is what initially sold me. I paid only $250 for this phone and I feel like it was an excellent value. Most other devices I've seen online average nearly twice that cost, or are a similar/lower price but poor quality. Not sure what you'd get out of the more expensive ones, but I'm more than happy with what I've got here.TL;DR: if you ""just need a phone that works,"" get this one! You won't be disappointed.",0.9952,0.19410173160173158,0.09080705046653748,0.279112309217453,0.41161084175109863,0.43922996520996094,0.8682545195619548,0.48549512216953533,Positive,Positive,Neutral,Positive,Negative,Negative,Positive,Positive
"I'm happy to get away from the Samsung craziness. The phone is sturdy, battery life is great, the Oxygen o/s needs a little help - for example, I can't do voice input on anything because there is no option on the keyboard to set it - at least on mine.  There are no annoying updates every week. The keyboard itself has larger buttons for my big fingers to input text. The apps are fast.  I would buy this phone again, or the next version when it becomes necessary as I habitually drive over these things with a tractor :)",0.8925,0.20113636363636367,0.11720041185617447,0.0677553117275238,0.48893022537231445,0.39925408363342285,0.3427364883569469,0.32426571511540175,Positive,Positive,Positive,Neutral,Neutral,Negative,Positive,Positive
"As said before this is -by far- the best cell I have ever used. I have experimented with Sony Xperia, Iphone, Samsung S, even with Blackberry years ago. The quality of this device is simply outlying the rest",0.6369,0.3666666666666667,0.04041377967223525,0.0010520992800593376,0.6869720220565796,0.7232933044433594,0.8286835477625686,0.374743218676306,Positive,Positive,Neutral,Neutral,Positive,Positive,Positive,Positive
"Excelente equipo, buena vida de bater√≠a en el uso no le pide nada a ning√∫n gama alta, el √∫nico pero, su soporte t√©cnico es fatal",-0.6908,0.0,0.6435227990150452,0.005476209335029125,0.6820566654205322,0.7233242988586426,0.9277606484083766,0.17719193135169017,Negative,Neutral,Positive,Neutral,Positive,Positive,Positive,Positive
"This is a smartphone for less than $300 and you get exactly what you pay for. Some pros: the battery is amazing. It will last all day on heavy use. The processor is quick enough for email, web browsing, video and music use, and some basic games.Cons: the screen is very finicky. Often tapping a back button will somehow result in a double-tap. Scrolling down a page doesn't feel like a smooth glide but more clunky. The cellular reception on phone calls is quite poor. When indoors and on a call, often times you will be able to hear a caller but they are unable to hear you. The camera is also about mid-range quality.All in all, if you're not trying to spend $1000+ on a phone, this will fulfill your needs. If you need something with better quality and performance, the Nord series isn't for you. Please take this 3-star review as a badge of honor. It's exactly what you are aiming for with this mid-tier model.",0.7658,0.11728395061728396,0.3697841465473175,0.0951184630393982,0.4582221508026123,0.44306159019470215,0.23646630021669457,0.3168905720841389,Positive,Positive,Positive,Neutral,Neutral,Negative,Positive,Positive
Excelente celular. La c√°mara incre√≠ble. Este es mi tercer celular OnePlus y seguir√© con esta marca. Funciona en Chile.,0.0,0.0,0.7714983224868774,-0.0003096038708463311,0.7055385112762451,0.7233279943466187,0.9620464567479274,0.3466470350727917,Neutral,Neutral,Positive,Neutral,Positive,Positive,Positive,Positive
"May/2024Coming from Apple and Samsung I thought I will regret the decision to get this Cellular phone. I was wrong and I will never go back. This is the best phone you can have and you can save some money too. Everything is outstanding on it, Battery life for 2 or more days, then I can connect it to the charger for 20 mins and that's it, I don't have to worry anymore for Battery or charging times, nothing, a tremendous relieve for sure. I consider everything else better than previous phones and a better value than iPhone 14 pro max and Samsung S23 Ultra (My previous) so I can recommend it to anyone without any hesitation.07/13/2024Downgraded to 3 stars cause of Oneplus updates.I used to love my OP12, but after the last update ( June-July/2024) this phone is a mess, extremely buggy, Gmail is frozen every 2 or 3 times I open it, I cannot hang up calls, sometimes the call does not go thru in or out, I have missed several calls from my work team and relatives as well, some apps are not working or stopped working in the middle of something. I had to buy an iPhone 15 in a rush to avoid communication issues both at home and work (Since I'm working remotely). It's been a very bad and sad 2-3 weeks till I decided to switch for good, I cannot wait for a month to the next update to see if everything has been fixed. This is an amazing phone and I loved it, also I have the Oneplus watch 2 and this is a killer combination, I did forget about chargers and charging time with this two and it is a shame that this is happening to this flagship. I think Oneplus must take note on this and never have the same mistake again, this is not a cheaper device either. Disappointed.BTW I was using it on Google Fi (eSim) without issues till the last update.Also, solutions: In crashed apps you have to close and reopen them, most of the time they are working again. No need to clear cache or anything else, at least I do not have to.For calls: Worked for me to change the audio to Speakers during the call and then hang up, be aware that sometimes when you do it the phone app hang up by itself (It is randomly). I never tried the airplane mode, but some people say that is working too for this.For missing calls, I did not find a solution, Google Fi customer service did not know what was causing it.",-0.851,0.12911764705882356,0.030416972935199738,-0.059466615319252014,0.3572317361831665,0.3011186122894287,-0.21283856402150542,-0.19275411186934682,Negative,Positive,Neutral,Neutral,Negative,Negative,Negative,Negative
Being Titanium it is way stronger yet Lighter than my Pixel Fold and any Samsung or Razr out there.,0.3818,0.0,0.23314769472926855,0.006374863907694817,0.6572678089141846,0.723326563835144,0.9043675441380885,0.3051380205550104,Positive,Neutral,Positive,Neutral,Positive,Positive,Positive,Positive
"Truly an amazing phone. Charging time and battery life are unreal. Camera isn't as good some flagships, but more than great for non professional photographers. UI is the best version of Android I've ever seen.This phone should embarrass Google and Samsung.",0.9289,0.6166666666666667,0.018450687639415264,0.0016369246877729893,0.7262049913406372,0.7232687473297119,0.9159223712608026,0.49631533005093154,Positive,Positive,Neutral,Neutral,Positive,Positive,Positive,Positive
"Works great and has a long battery life. Feels sturdy, screen response is accurate. Two biggest gripes is brightness when outside and the 1 Android update.",0.7717,0.28750000000000003,0.04764225520193577,0.003517241799272597,0.6680582761764526,0.7233253717422485,0.5603548148380888,0.33414286236785945,Positive,Positive,Neutral,Neutral,Positive,Positive,Positive,Positive
"Have been a LG user since their first Android phone. Since LG is out of the phone market now I had to find a different phone to replace my Velvet 5G. After looking at options for almost 2 months I heard about the OnePlus 12. Got it on the monthly no interest plan with intent to keep it if I liked it or send it back if I didn't. To be honest this phone is pretty much perfect. 16GB of RAM + the phone's ability to use extra storage as temporary RAM is almost obscenely fast for a mobile device. 512GB of on board storage will hold pretty much anything I could need for the foreseeable future. The Snapdragon 8 Gen 3 tears through games like a hot knife in butter, and the phone automatically adjusts settings for best experience. Now that brings me to the final piece of this pie: the battery. This sucker is massive, and paired with the included power brick and charger cable it routinely charges from under 15% to 100% in 20 minutes. I have spent 12 hours using it non-stop and barely dropped past 40%.This may come off like an advertisement but I simply cannot overstate how much I enjoy this phone. If I had any complaint it would probably be the curved screen. You'll want a case on the phone or if you're like me and have fat hands you'll routinely tap the screen on accident.",0.7997,0.17826086956521744,0.11438794806599617,0.035036906599998474,0.390728235244751,0.109444260597229,0.8434873694485088,0.39417461873594417,Positive,Positive,Positive,Neutral,Negative,Negative,Positive,Positive
For phone calls it's not the best but for gaming it's a decent phone,-0.2924,0.5833333333333334,0.26471491158008575,0.025044383481144905,0.6523311138153076,0.7233285903930664,0.6767761531231948,0.25149375630355175,Negative,Positive,Positive,Neutral,Positive,Positive,Positive,Positive
"There is nothing I dislike about this phone. One of the things that blows my mind is how fast you can fully charge the battery, put the battery in smart charge mode, expand the RAM memory without the need to buy a RAM memory card, and the built-in speakers. Apparently somebody was thinking outside of the box when this phone was in development. They understood the critical importance of battery life and performance along with RAM memory. For instance I expanded my RAM memory from 16 gigabytes of RAM to 24 gigabytes of RAM by simply sliding the slider switch in the settings and what a huge difference it made. No freezing up of any apps, quick responses when launching an app or apps etc.Although this phone does not have a memory card slot such as an SD card slot for external storage it more than makes up for that and you can get around that easily: You can share your files or photos very easily by 1. Transfer them using Bluetooth from or to your computer or another phone. 2. Tether to your computer or utilize NFC. This phone has two SIM card slots meaning if you want to add another number for business use you can do that without having to buy an extra phone - what a real convenience and money saver.This phone is very intuitive and informative on many levels. The weight and feel is very nice and the appearance. There are a lot of hidden features and tricks within this phone. When the phone's battery is in smart charging mode and I highly recommend that the phone will record your charging habits thereby increasing the battery life based on your charging habits. In case you're wondering it only takes half an hour to fully charge the phone. I end by repeating my words are not adequate enough on how awesome this phone is for the price. Is it worth the price? ABSOLUTELY! Way to go Nord!",0.9755,0.2093239795918367,0.16766023635864258,0.11165256053209305,0.5147545337677002,0.3873579502105713,0.8806459885636254,0.46895655300923955,Positive,Positive,Positive,Positive,Neutral,Negative,Positive,Positive
"Been running for about 2 months now. Battery and charge time is outstanding, beautiful screen. Has a times when it just get clunky running rough, but a restart seams to correct. Sometimes the screen will scroll way too fast, and doesn't have as many options as a flagship oneplus, but that's to be expected. It's well worth the money.",0.8608,0.3071428571428571,0.127141535282135,0.07990077137947083,0.676856279373169,0.7228341102600098,0.7717451342867536,0.4293460596182433,Positive,Positive,Positive,Neutral,Positive,Positive,Positive,Positive
"So I loved this phone at first, best foldable in cosmetics and software. But unfortunately I had to return it. The phone was extremely slow in both 5g and wifi, I had to constantly restart the phone for it to connect normally. It became unbearable to have to restart the phone every few minutes.  Also the customer support sucks. They really don't care and give you attitude when you chat with them. So for that I returned it. I guess I'll wait for the pixel fold 2",-0.3549,0.09999999999999998,-0.7814606428146362,0.5104912519454956,0.4118351936340332,0.6607059240341187,0.606669561408027,0.016160034107777266,Negative,Neutral,Negative,Positive,Negative,Positive,Positive,Neutral
"What caught my attention first was the storage capacity. Now that I have it, it charges really fast and lasts at least two days, love that even more. It also takes really great photos",0.8173,0.325,0.006959555088542402,0.020436372607946396,0.6233686208724976,0.7233099937438965,0.9194941940891633,0.4178380243571304,Positive,Positive,Neutral,Neutral,Positive,Positive,Positive,Positive
"***OnePlus is throttling performance in the most used apps***I've been a OP user for several years. I was waiting for the OP9 model new cameras, as this has been traditionally the ""compromise"" on previous models.I've read about the battery & heat issues reported by several users at product launch. But it seems that was  already addressed by recent updates. So I decide to buy it.Unfortunately OP has resorted to throttling apps to tackle these battery/heat issues. IMO, this is just not acceptable. Pls google ""OnePlus throttling"" and you'll find a tons of reports of this.According to the news, this throttling affects not just Chrome, but all the apps that I use for work. I couldn't believe it. So I run a test against OP5T. The results are staggering. The OP9 is way more sluggish than a 4 years old model. See the attached pictures with the benchmark results.So if you buy for the performance of the Snapdragon 888, you'll not get it (as of time of this review). If you can live with that, you'll getting a great screen and good camera package. Who knows, they may be do another FW upgrade and give the user the option to ""performance"" or ""battery""Consider it carefully before buying.",0.6688,0.20046620046620045,-0.8637593388557434,-0.441604882478714,0.4680032730102539,0.38449931144714355,0.6361136670609348,0.04000312923853555,Positive,Positive,Negative,Negative,Neutral,Negative,Positive,Neutral
"This OnePlus company is a joke and stealing people money, flimsy products and their warranty is sucks, US authorities should ban them from stealing hard earned money.",-0.9136,-0.29583333333333334,-0.9808589816093445,-0.9499099254608154,0.6355595588684082,0.7233198881149292,-0.25637617015436914,-0.6793156821115724,Negative,Negative,Negative,Negative,Positive,Positive,Negative,Negative
What I like about it is the size what I don't like about it is I couldn't even turn it on so I sent it back,0.1002,0.0,-0.5437048077583313,0.3506762683391571,0.6684811115264893,0.7233227491378784,-0.2395290946151734,-0.06647152680686952,Positive,Neutral,Negative,Positive,Positive,Positive,Negative,Neutral
"Everything has been fabulous with this phone, but all of a sudden it quit taking calls from the company I work for.  It might be my carrier. Not too happy about night photos but I feel I need to play with the settings, the sound and day photos are awesome.  Easy to set up.  Good phone for the price.",0.9398,0.5333333333333333,0.047453947365283966,0.12285961955785751,0.615710973739624,0.7226182222366333,0.86930481658418,0.5025503433681309,Positive,Positive,Neutral,Positive,Positive,Positive,Positive,Positive
Coming in two colors Its Speedy Quick Responsive Loads Applications Fast,0.3612,0.26666666666666666,0.16161978617310524,0.013442345894873142,0.6488672494888306,0.7233293056488037,0.8592940330747378,0.3324445663618766,Positive,Positive,Positive,Neutral,Positive,Positive,Positive,Positive
"I wasn't sure about the N30, but now I am. Great device! I've had a variety of not so great androids, with some good ones like the galaxy S2, and pixel 3. This N30 replaces my OnePlus 9 5G that's just about 3 years old and the battery wears out quickly. 3 or 4 years is normally my upgrade window. To the phone: The N30's processing ability (695 Snapdragon) is on par or better than the 9's (888 Octocore), frame refresh rate is very good, pictures look good and the speakers also work very well. Games and videos stream smoothly, and how about the external memory capability? Not many devices support that feature anymore. I've had the phone for 3 days now and recharge only once a day, takes 30-40 or so minutes. The bottom line though is this phone performs really well. I added a nice protective case with a 256 GB micro SD card and I'm at a mere $310 including tax. My 9 5G was $700 alone. Absolutely awesome value at this price point. The money-saving value gives me the satisfaction equivalent of what a $1,200 flagship phone would provide. The Nord N30, I found a winner.",0.9945,0.3864912280701755,0.05678389593958855,0.0015635858289897442,0.43268394470214844,0.40220415592193604,0.9598014286885491,0.4798280277054606,Positive,Positive,Neutral,Neutral,Negative,Negative,Positive,Positive
Love my new phone. This is my second OnePlus with even more features and easy to use!,0.8251,0.3356060606060606,0.0045038743410259485,-5.987906479276717e-05,0.6516783237457275,0.7233279943466187,0.9034239772852823,0.41371480663351523,Positive,Positive,Neutral,Neutral,Positive,Positive,Positive,Positive
"Still getting updates in 2023.Great screen, performance, and battery life.ONLY $350? Nothing else beats this.",0.6249,0.0,0.10113538056612015,0.022388923913240433,0.6843858957290649,0.7233293056488037,0.8009749246805433,0.3098798458319808,Positive,Neutral,Positive,Neutral,Positive,Positive,Positive,Positive
"After less 2 years of light use, no games just reading articles and using basic phone functions, this phone decides to ""Qualcomm Crashdump mode"" and it is BRICKED cant do anything, cannot reset, cannot access my data, cannot fix the issue the phone is stuck on this black screen with Qualcomm crashdump mode written, I have lost a lot of important data such as family pictures, notes, phone numbers... The phone is literally new not even 2 years old yet, there is not a scratch on it and I took care of it. Now its completely useless and I am required to download complicated programs to try and get my phone working and lose all my data, the fix for this problem is very complicated and can go wrong in many ways, in a split second my phone is gone. THIS WILL BE THE LAST TIME I WILL EVER EVER BUY A ONEPLUS PRODUCT. DO NOT BUY THIS PHONE. I PAID ABOUT $700 WHEN IT CAME OUT AND NOW IT IS BRICKED BRICKED BRICKED. I hope this company goes out of business. F*** YOU ONEPLUS.",-0.8631,-0.06313131313131314,-0.9265857934951782,-0.8339298367500305,0.44432497024536133,-0.08980488777160645,-0.23738061538298244,-0.5848255117519009,Negative,Neutral,Negative,Negative,Negative,Negative,Negative,Negative
the battery life drains fast but the charger you get with the phone charges it up very fast overall a good product,0.296,0.29,0.12119326554238796,0.02167106233537197,0.6560807228088379,0.723326563835144,0.9407359001430668,0.3339200456041653,Positive,Positive,Positive,Neutral,Positive,Positive,Positive,Positive
"My iPhone 14 pro max screen got damaged and replacement cost is 400$ ,So I thought of spending on one plus 12r .It's 2 days in one charge and still working .Everything is good very easy to move from iOS to Android.Only downside is the camera and we can't expect more from 400$ phone .I tried pixel 7a , camera is good but 12r outperform 7a in all other aspects",0.3708,0.46766666666666656,0.1160079762339592,0.19433137029409409,0.6959811449050903,0.7210934162139893,0.7361453734072805,0.3769902773204001,Positive,Positive,Positive,Positive,Positive,Positive,Positive,Positive
"SOY DE ECUADOR LO COMPRE CON MUCHAS DUDAS DE QUE FUNCIONARA EN MI PAIS PERO LA VERDA QUE SUPERO MIS ESPECTATIVAS, ES MUY BUENA LA INVERSION QUE HICE AL COMPRAR EL TELEFONO  ONE PLUS 12R, FACIL DE USAR EXCELENTE BATERIA EN SU DURACION LA CAMARA NI HABLAR ES FULL NITIDES ASI QUE SI ALGUIEN LO QUIERE COMPRAR DE CLIP EN EL VOTON DE COMPRA Y ESTARA ENTRANDO AL MUNDO DE LA TECNOLOGIA EN SUS MANOS",0.0,0.35,0.8072543740272522,0.0048250239342451096,0.6787853240966797,0.716571569442749,0.983358679053621,0.42908761540302365,Neutral,Positive,Positive,Neutral,Positive,Positive,Positive,Positive
This phone is fast and has pretty good value with price below 300$. The only issue is the battery life but you also get 65W charger that can have a full charge in 30 mins.,0.5789,0.3,0.0413504159078002,0.005122884060256183,0.6606287956237793,0.7233139276504517,0.9310232157209857,0.37127930313780844,Positive,Positive,Neutral,Neutral,Positive,Positive,Positive,Positive
"Went up from 6T as it wasn't switching to mobile network from WiFi or sometimes not even connecting on Google Fi network. This one works just fine.Once you experience how fast this one charges, everything else is going to be frustrating.While I am mostly happy with the overall experience, a few camera related things bother me.1. Pro mode supports only the main camera. Why not the wide angle? You can't zoom either.2. You can't set the high resolution mode as default. The default resolution is only 12 Mega pixels! Why? Edit.. you can, after the latest update.3. The panorama mode has been improved and is much smoother. However it doesn't take advantage of the wider camera. You can't choose the camera/lens either. If you install GCam, it will give you a wider(or higher)more pixels.4. In pro mode if you adjust certain parameters and leave the rest floating, the shutter speed won't go down below a limit to compensate(unless you adjust that also manually.5. You can't zoom in in portrait mode. Why?6. The stabilization rocks(but the video is cropped compared to the photos).Lost the ability to set dark mode for individual apps with the last update.Also the Bluetooth randomly connects and disconnects if there is nothing playing.",0.8176,0.06307760141093473,0.16827942430973053,0.22109995782375336,0.4089317321777344,0.36886000633239746,0.5650217873195821,0.3670157541728002,Positive,Neutral,Positive,Positive,Negative,Negative,Positive,Positive
I love every aspect of it.... Except the camera.,0.6369,0.5,0.009512040764093399,0.0073767248541116714,0.6669580936431885,0.7233297824859619,0.9435104133346095,0.41945983579056295,Positive,Positive,Neutral,Neutral,Positive,Positive,Positive,Positive
"Since it's a budget phone. There's no wireless  charging, which isn't a deal breaker. But it's also not water proof, which is a deal breaker for me. Camera is mid but no bad. Phone is quick. Overall really surprised but the no waterproof is a no go for me but if you don't mind. It's legit a great phone for a quarter of the price.",0.7914,0.2638888888888889,0.16119573265314102,0.06351973488926888,0.6573748588562012,0.7213938236236572,0.6852313276331029,0.3930471368128803,Positive,Positive,Positive,Neutral,Positive,Positive,Positive,Positive
Like it a lot.reconmend this phone good sound good picture and no creases when you open the fold.,0.7269,0.45,0.01962886843830347,0.003085615113377571,0.6374351978302002,0.7233285903930664,0.8526822721990688,0.41045935115015003,Positive,Positive,Neutral,Neutral,Positive,Positive,Positive,Positive
I have been using it for a week now and I enjoy it and didn't have to use my laptop since then.,0.4939,0.4,0.03183639468625188,0.0019465303048491478,0.6224473714828491,0.7233235836029053,0.9053988781008808,0.36661636061839636,Positive,Positive,Neutral,Neutral,Positive,Positive,Positive,Positive
Excellent all around cell phone at a reasonable price.,0.5719,0.6,0.021243139635771513,1.2570992112159729e-05,0.6606755256652832,0.7233297824859619,0.9189450745356145,0.42242015703269964,Positive,Positive,Neutral,Neutral,Positive,Positive,Positive,Positive
It was nice mobile;,0.4215,0.6,0.02840422629378736,0.010769587941467762,0.6600649356842041,0.7233299016952515,0.9206616599621281,0.39626709483947664,Positive,Positive,Neutral,Neutral,Positive,Positive,Positive,Positive
"Phone is OnePlus first attempt at a folding phone, and it is a decent first attempt, but not at the full price of the unit. With incentives with trade-in (OnePlus 8 Pro) and repeat buyer, I got this phone for $350 less than retail. Still a bit steep for its design.I will get right to the point with my issues and hope that updates will address the issues:Apps do not realize that the phone is a folder. I play games, I run programs. Switching from full screen to front screen or vice versa the Apps do NOT RESIZE correctly. It just skews big to small or stretches from small to big. App must be restarted to correctly fit the screen.Game apps do not position correctly. I had a Fold it always sized the view area and positioned the app in a useable manner. This phone does NOT support full screen apps correctly...it is what I called center skewed.Screen brightness algorithm is very arbitrary. Screen gets bright if you turn it up manually. Outside in the bright sun it is visible when you MANUALLY turn up screen brightness. It does NOT automatically set screen brightness even when it is enabled, annoying. In a dark warehouse, on odd occasions the screen turns on with setting at 1/3 brightness...it is way too bright for my inside needs.Battery life is very good, fast charging via cable only is not an issue for me.  I do not need wireless charging.Screen has poor color saturation.  Colors are dark and muted, not bright at all like the older OnePlus 8 Pro.So far, I am tolerating the phone. I would give it a 3.5...but you cannot give it half numbers, so I am rounding up.",0.9794,0.09029185867895546,0.4285845458507538,0.2767704501748085,0.3777209520339966,0.2780020236968994,0.013479626759853536,0.3577052962928743,Positive,Neutral,Positive,Positive,Negative,Negative,Neutral,Positive
"Buy it. This is an amazing device and a home run from OnePlus. As a buyer since the OnePlus 6 and follower of Carl Pei, the previous CEO, I've bought every OnePlus device since and always ""Settled"" for the OnePlus 7T McLaren. It has a Pop Out Selfie Camera, 90hz, 12gb RAM, Fast Charging, Great Screen, and the photos rivaled my wife's current S22u in some cases! It was so good, that every phone since the 7T McLaren just couldn't reach the bar that phone set. Now here's the 12. And this is the one. This is the keeper, and will be my next daily driver for hopefully the same amount of time as my 7 series! Camera in this phone is absolutely brilliant. The screen is bright-Very Bright- and smooth as butta. Colors are vibrant, sound is clear, and very easy on the eyes. Battery?!? Did someone say battery? This thing is a beast! I'm really enjoying this so far and happy I made the purchase. OnePlus has outdone itself here, and I will be pairing it to the OnePlus Watch 2 and OnePlus Buds 3 very soon! Do yourself a favor, and settle to Never Settle, you WON'T regret it.",0.9927,0.36651041666666667,0.008892063051462173,-0.00024095037952065468,0.468430757522583,0.3873252868652344,0.9331741658641185,0.46020713904054533,Positive,Positive,Neutral,Neutral,Neutral,Negative,Positive,Positive
"I recently bought the one plus 9 5G with 128 Gigs of storage and 8 of Ram and I have a problem with the screen, it turns out that it does not respond well to touch when I navigate in the different applications, much less when I am playing a game, it is completely unplayable I don't know if it's a system bug or if the screen is damaged, the screen looks fine but I can't handle this error on touch anymore, I need a solution,",-0.5639,-0.09166666666666667,-0.9209015369415283,0.5140130519866943,0.5528671741485596,0.6837998628616333,0.6458651527154298,-0.08331799978121417,Negative,Neutral,Negative,Positive,Positive,Positive,Positive,Neutral
Had several budget or so called mid range phones. Ive had the best luck with motos. But wanted something different and wanted the bug screen. Decided to take a chance. Ive been blow away. Battery insane. Fast charging boom!  Speakers are super loud. So far anything I've thrown it this phone it's handled with ease.  It worth noting the 108mp camera was not on by default. Turned that on and honestly it take pretty good pictures. Videos are good too. 5g on this thing Flys like s space shuttle. Running it cricket net work (att) zero issues.  Very very impressed with this phone.  The 120 refresh scolling is lag free. And I'm digging the oxygen os system. It's a nice spin on andriod.  Would definitely recommend this. It's a Big screen almost 6.8  with a knock off otter box case it 6.9 all day long.  Very very pleased with my first one plus,0.9953,0.2688405797101449,0.02680321503430605,0.033541105687618256,0.3679823875427246,0.49539804458618164,0.8455036208528648,0.4339977042569868,Positive,Positive,Neutral,Neutral,Negative,Neutral,Positive,Positive
"I tried the pixel & figured I should go back to the one plus. Mine was 4 years old so I was excited to give the newest a shot. It freaking LAGS like no other. God forbid trying to open the camera, especially on a social media app. Fig. Contemplating heavily, returning it. Plus it's freaking huge. The cameras are huge in worried about setting my phone down anywhere & the quality of all 9 cameras is crap. Unimpressed to say the least.",-0.8705,-0.004282407407407406,-0.8920603394508362,-0.8065025210380554,0.5747895240783691,0.7041827440261841,0.6713541569290483,-0.38039822219345004,Negative,Neutral,Negative,Negative,Positive,Positive,Positive,Negative
"I wanted to love this phone.  Really, I did.  But, I don't.  The screen size is good both when closed (like a regular phone) and when open (like a small tablet).  But, the operating software itself is, to put it nicely, very buggy and I personally find the larger screen of limited use.  There just isn't enough software optimized for it to make it valuable.  That said, the stuff that is designed for it is really quite nice.Unfortunately, the camera ""bump"" is more like a mountain and is extremely obtrusive.  Like, really, really huge.  And what in the absolute **** is up with a phone in 2024 that does not have wireless charging built in???  Yes, the high-speed wired charging is great.  But not being able to simply top-up with your car's wireless charger or missing the convenience of just dropping it on a Qi charger when going to bed is absurd.  Absolutely no excuse for omitting it.Overall, a cool idea but not ready for prime time in my opinion.  I'll be going back to a Samsung flagship soon.",0.9891,0.12417582417582416,-0.4499809145927429,0.5595618486404419,0.5009356737136841,0.21762335300445557,0.7649161720216399,0.39755458604903265,Positive,Positive,Negative,Positive,Neutral,Negative,Positive,Positive
"I had to change the telecom operator from metro by T-Mobile to at&t. The description stated that the phone was completely unblocked. It's very uncomfortable, plus it costs money. The phone itself is just amazing, especially after my Samsung a 32.",0.228,0.012500000000000011,0.1364482045173645,-0.46078553795814514,0.6223088502883911,0.723257303237915,0.5646324330078599,0.09615901991341586,Positive,Neutral,Positive,Negative,Positive,Positive,Positive,Neutral
"Hi. I just set up my phone and it is good for the price. However, I did not receive thw case that was stated in what's in the box section in the description. That is why I am giving 3 stars.",0.6486,0.7,0.46358609199523926,0.041010912507772446,0.6798620223999023,0.7232570648193359,0.8070263726911976,0.5320446754388419,Positive,Positive,Positive,Neutral,Positive,Positive,Positive,Positive
"a thin persistent green line appeared on the screen only after 10 month of use, I haven't dropped it, wet it, neither the screen or cellphone have any damage at all, yet this green line appeared out of nowhere, one moment I was using whatsapp placed the cellphone over my desk and when I picked it up the green line was there,  it's a manufacturing defect, shame on oneplus, I'd never buy another product from this brand ever again.",-0.8271,-0.18333333333333335,-0.8359041213989258,-0.8526596426963806,0.43480896949768066,0.695439338684082,-0.26949324592122736,-0.5936980686699733,Negative,Negative,Negative,Negative,Negative,Positive,Negative,Negative
"Dont buy one mine broke in two months one plus has had it for 4 weeks thay cant get parts,ask them to send me new one, big no from support team.waste of money.",-0.7398,0.06818181818181818,-0.9257756471633911,-0.8780854940414429,0.5884004831314087,0.7233097553253174,-0.28342996919344576,-0.5517818584432923,Negative,Neutral,Negative,Negative,Positive,Positive,Negative,Negative
Though this new iteration of the OnePlus phone says it charges wirelessly it is very fickle in it's charging capability. And the battery does not last as long as the OnePlus 7 that I had. Haven't had it long enough to appreciate the Hasselblad camera,0.1531,0.0393939393939394,-0.628656804561615,0.3363010585308075,0.7013411521911621,0.7232331037521362,0.7892083349195059,0.13786930565652758,Positive,Neutral,Negative,Positive,Positive,Positive,Positive,Positive
"The quick charge is awesome, especially considering that it's a 4,500 millith amp hour battery! Fastest change I've ever seen..... I've got TMobile, and the 5G speed is good. Not as quick as I was expecting, like not jaw-dropping, but really good, and it's more consistent than 4G LTE. Easy to transfer data from my Google pixel to the 9 5G. Sensitivity of the phone is good, haven't taken too many pictures, but I took a few from outside that look nice. Surprised that even with multiple apps open, watching stocks on Webull and Robinhood, the phone doesn't get hot. That's indoor use though, if I was using it outside in the heat that might change. Altogether though, this phone's a definite recommend from me. Comes with a kind of cheap prefit screen protector that gets surface scratched pretty easily, but that's probably my only negative point.",0.9846,0.29166666666666663,0.026974117383360863,0.002130034612491727,0.4790610074996948,0.40878188610076904,0.9438453612258061,0.44984323597766507,Positive,Positive,Neutral,Neutral,Neutral,Negative,Positive,Positive
Purchased this as a gift for my techie 17yr old. He really enjoys the features of this phone. It's great for school. It's pen capable and you can find the Oppo pen online (OP hasn't offered one to date). A nice hack for note taking. There's been some glitches here and there that should be worked out with updates. All in all it's an awesome phone if you are looking at alternatives. I believe the OnePlus Open has set the standard for this type of phone. Nicely done.,0.9719,0.3888888888888889,0.011535298312082887,0.004579014610499144,0.47286295890808105,0.6586236953735352,0.7814247091954303,0.4316655822013802,Positive,Positive,Neutral,Neutral,Neutral,Positive,Positive,Positive
"Bought the phone because of OnePlus reputation for phones with almost native Android, the warp charger and wireless charging. But it did not charge wirelessly despite the claim on the Amazon listing It's confusing since OnePlus makes this phone with and without wireless charging depending on the market and the US is one with wireless charging.The model with wireless charging is LE2115 which is displayed when you go into the phone settings. But the stickers on the outside said LE2110 which the model without wireless charging. It's almost like somebody flashed the LE2115 ROM on a LE2110 phone except the phone came in what looked like genuine OnePlus retail packing with stickers, screen protector and case.Because the phone charges so quickly and not sure if another would be the same decided to keep the phone but Amazon gave me a $120 credit for the incorrect information on the listing.",0.7284,0.030555555555555558,0.514998197555542,-0.3702995181083679,0.3746607303619385,0.13808202743530273,-0.12544598457799833,0.1556416500849463,Positive,Neutral,Positive,Negative,Negative,Negative,Negative,Positive
"Decent price, seems to have decent battery life but I don't use that one as much as the OnePlus 12, it's more of a backup phone with a different carrier in case my regular carrier goes down",0.0,0.12539682539682537,0.23286445066332817,0.06193250231444836,0.6665568351745605,0.723289966583252,0.8701507829748356,0.2580689122698875,Neutral,Positive,Positive,Neutral,Positive,Positive,Positive,Positive
"I was vacillating between purchasing a used Samsung or Google phone but came upon this OnePlus Nord N30 5G. I purchased 4 month old phone on a Amazon special for $237.00 and am absolutely thrilled with it! The price point for used phones all came with refurbished batteries and the reviews came mixed. The 5000mh on the OnePlus is one of the highlights of the phone. I do not game on my phone or use it for photos/video's. The photo's are okay, but the video is only 1080p. However, if you want the android experience with a cheap price, you cannot go wrong. The OxygenOS is close to vanilla and you are able to either uninstall or disable any of the OnePlus apps which is a huge plus.Another nice feature is the fingerprint sensor, it is quite responsive and located on the side of the phone, which is much more convenient than under the screen. It makes you realize how expensive it is for all the bells and whistles that come with the major players like Samsung and Android. The only thing I don't like is just one update eligibly for the Android OS. But, for $237, I'll look past it. I connected a Samsung Galaxy watch so I can enjoy the Samsung Pay without the Samsung pricey phone. Highly recommend for the budget consumer!",0.9889,0.19577067669172935,0.038586934097111225,0.05984514765441418,0.43938636779785156,0.30026209354400635,0.83960683826504,0.42454191934165897,Positive,Positive,Neutral,Neutral,Negative,Negative,Positive,Positive
The phone had trouble turning off. Contacted Amazon tech support which walked me through the reset process. Phone worked fine after the reset. Later found some fine scratches on the screen and initiate a return. Was pass around four times before getting a rep telling me to return for refund. I asked for a replacement and they flatly said no that its not possible. The phone is still available for sale just not for me. Think twice before buying a cellphone from Amazon. Very disappointing as it was a suppose to be a gift.,0.2975,0.02854166666666666,-0.7880135774612427,-0.5955953001976013,0.30840277671813965,0.41822636127471924,-0.33325209048927606,-0.2781638602962907,Positive,Neutral,Negative,Negative,Negative,Negative,Negative,Negative
I really liked the phone. Once the update to Android 14 finished it no longer rang loud enough. Could not get it fixed through OnePlus support so returned to using my Nord 10 and returned back to Amazon,0.6478,0.15999999999999998,0.1492759734392166,-0.3520300090312958,0.5945557355880737,0.7232725620269775,0.10949662904554086,0.14290851869069235,Positive,Positive,Positive,Negative,Positive,Positive,Positive,Positive
